,time-time-1,time-time-2,time-time-3,time-time-6,time-time-9,time-time-12,time-time-24,time-time-36,time-time-48,time-time-60,time-time-72,time-time-84,time-time-96,time-time-108,time-time-120,time-time-180,time-time-240,time-time-360,time-time-480,time-time-600
2009-01-12,0.699380173276431,0.743332462424902,0.7799342944740153,0.8569099151570627,0.9017364720390955,0.9289196239819695,0.9871392899325647,1.0525878618041806,1.1381422389916396,1.2354779880695488,1.3379801786551715,1.4415778520966904,1.543789363025476,1.6430808774230028,1.7385112682853396,2.1461665609578158,2.443348592283268,2.8111154784555143,3.014152039083606,3.138549237273162
2009-02-11,0.7253666204259364,0.7899465098746109,0.8344350116738267,0.905378037911865,0.9418239586639439,0.973078207641362,1.1228870464072045,1.2908181165856922,1.4549626989201474,1.609775323141841,1.7539834156581475,1.8875649290230527,2.010947519428125,2.1247340049446226,2.229589080480492,2.642622121316507,2.920238707732659,3.2486514001726765,3.426417338584416,3.5349350827733748
2009-03-11,0.5760881750811984,0.6614556785864711,0.7060364174896241,0.7476869881174271,0.7646422824924297,0.7904756068471712,0.9565459776074206,1.1437243750633006,1.3240948513772042,1.4928419252452776,1.6492467498668986,1.7936751044811068,1.9268316416056177,2.049518033814456,2.1625416320259507,2.6081688220130927,2.9077902940009475,3.256717036487912,3.43578416907299,3.5377726599998516
2009-04-10,0.8171444735502401,0.8193685290518884,0.8225566838324067,0.8373551527311327,0.8589557443235808,0.8861659883532216,1.0326392944551743,1.2087501033686237,1.390004716889281,1.5643213641614473,1.7264293406418172,1.8746731396053624,2.0092158888248806,2.131050299224021,2.241470643338844,2.6648103671889056,2.9493789186997432,3.2964899947354196,3.473090544047049,3.5497300748706824
2009-05-11,0.6311145458524521,0.7135592635217902,0.7671299177718347,0.8419938205799883,0.8733258735686805,0.900469635013071,1.0502159175900405,1.225990291614103,1.3985140549217119,1.5611301993383915,1.7124363259017772,1.85247911174431,1.9817848398530817,2.1010421021478174,2.210979907714277,2.644693933693124,2.935900611541743,3.2728145806165694,3.4430606428950936,3.5381669368720248
2009-06-11,0.9382401887887302,0.9241090942465257,0.9130426241154623,0.8955112350724033,0.8966944091161819,0.9116662225436392,1.046830424547546,1.2238286417607347,1.399812767027346,1.5634374999844491,1.7131947555358311,1.850227878489775,1.9761013320798122,2.0922044576239163,2.1996576803616605,2.6331485620790454,2.935931783787603,3.2851369316535775,3.4262325185712283,3.4554688087507044
2009-07-10,0.8902212720642219,0.9592378276248761,1.0120131249236388,1.1106628617758043,1.1656483590913898,1.2058925668681266,1.3580698372405247,1.523037738292357,1.6846715062325746,1.8361538926351662,1.975984201838864,2.104319570346639,2.2218507595947554,2.3294278110480735,2.427919830400642,2.8110915459478245,3.0660998908170853,3.3681929736883762,3.532996937574351,3.63412407624812
2009-08-11,1.1461014299562695,1.1718887404206733,1.19731472479557,1.27148472698342,1.3426145002928627,1.4108538380548463,1.657642714971363,1.8683319237990383,2.04941943490196,2.2061694055618934,2.3428454576530613,2.4629002983568977,2.5691297904328207,2.6637980813714317,2.7487391790526035,3.070792329185642,3.2858366429743144,3.537989591809736,3.635883158121205,3.6310197604338397
2009-09-11,1.1912888742927101,1.1994559480093896,1.208605411274091,1.2411723536671782,1.2799807385840054,1.3234570957590568,1.521548536515294,1.7255635410251535,1.9144029031529168,2.0817932789286724,2.2278627436249065,2.3551035733624377,2.4665426232938623,2.564991917532844,2.6528057416592827,2.985055532931498,3.209321129954167,3.4864678048902817,3.6420185087680133,3.7380713797860787
2009-10-10,1.1956067345282628,1.2045569358483008,1.2143300368108785,1.2480240275867183,1.2872169404928846,1.33071349456814,1.5296906277893907,1.7400490827606343,1.940637981883535,2.1227744807984354,2.284181216295235,2.42564911694399,2.549250111434989,2.6574188451674248,2.7525123040828063,3.094470303839445,3.309652547196067,3.5691992571487123,3.7168454330833525,3.809385906086197
2009-11-11,1.150858895407156,1.1629211502756642,1.1757188577571416,1.2179874385817504,1.265056326087662,1.3157899833936506,1.5383442701532546,1.765631139842164,1.9784294074247923,2.169392066441583,2.337172921353063,2.483217850448706,2.6100644440501086,2.7204824854893035,2.8170733390361065,3.160213530765189,3.372377147128171,3.624690424284004,3.7669868068062446,3.855933247356755
2009-12-11,1.1396355685215578,1.1557753183110013,1.1722419497540315,1.2232948711873703,1.276250578456734,1.3304691456670512,1.5506071187224457,1.7619539102204564,1.955337636721599,2.128265449469046,2.281404796650955,2.4167240166925823,2.536552606411534,2.643140291327635,2.738478398813257,3.0960577889404024,3.330478669751916,3.612157853874797,3.767777401207324,3.863474198734486
2010-01-11,1.191761003179155,1.2091069882744714,1.2268394110731458,1.281944048794188,1.3391505848189835,1.39763158204857,1.6326579688049485,1.8531680286230867,2.049911225215831,2.2217446134756753,2.3708760472271173,2.500559334793405,2.614055581139362,2.7142274658112626,2.803434290287214,3.138350167725136,3.3611800324378107,3.6334925121779698,3.78547668165516,3.879203548595459
2010-02-11,1.3985724965898878,1.3912737604144765,1.3873777881120604,1.3926672636075377,1.4174270366104602,1.455574632805531,1.6674979664441238,1.8877402548769382,2.077736412609142,2.234891377838069,2.365282207197952,2.4755104808969848,2.5707897246752736,2.65486653923705,2.7303559921496676,3.027340979530096,3.2458315083470213,3.55208270804277,3.7452572172819196,3.8621590228340583
2010-03-11,1.2418978088836792,1.241552441885351,1.2443128396167122,1.2676305824027216,1.3073439269541203,1.3573633196891652,1.5903520129824045,1.804243435730998,1.9775907653200382,2.1180473185517323,2.236309484330562,2.3402288786554752,2.434585299598427,2.522016154772384,2.6038838845075274,2.945052709789829,3.1894844328094565,3.484289072783059,3.6428383588637923,3.739029411234781
2010-04-12,1.2012132584005213,1.2257810604566022,1.2499355909484613,1.3200185909411124,1.3867275696809034,1.4502988530680199,1.6773095408232312,1.8687441238374534,2.0329017620333407,2.175808341634569,2.30186869424904,2.4143299810662615,2.5156108591859665,2.6075352992183314,2.6914987022216406,3.0230857079125912,3.2547157823834594,3.5473100477645643,3.7160792708717785,3.822238499271462
2010-05-11,1.2188044389861816,1.2415845966635004,1.263946132421696,1.3286270504471105,1.3899168006436022,1.4480720956700412,1.653781577696281,1.82507249692193,1.9707277777682437,2.0970064459071764,2.2083826702386706,2.3080690287004275,2.3983866333635953,2.4810266588314045,2.5572349322707,2.8677716946751444,3.0967461619495715,3.4038537561768667,3.5909286153372624,3.7120534963396246
2010-06-11,1.7846652698898944,1.7767543577166682,1.7930869655458261,1.8472317485631509,1.8826276914103595,1.9090797969878317,1.9943861892630173,2.0757891441198097,2.1583050350143864,2.2412873639776856,2.323598219412784,2.4042454261164465,2.4824737945099686,2.557749671625847,2.6297236548512766,2.9363514923007537,3.161351066026644,3.4432837571509154,3.600655182198807,3.697479465857871
2010-07-12,1.6730655502823133,1.6919420515486483,1.710110069821554,1.7607016939136166,1.8060741112645666,1.846972433373801,1.9775799372693281,2.0754160003422877,2.1571640141958337,2.2316212173076577,2.303068300545214,2.3732828707408187,2.4427249841132688,2.5112207496205023,2.5783445427222604,2.8792674547899635,3.1082657517628354,3.393210856172452,3.5487099198643217,3.643341451156407
2010-08-11,1.4597200709396736,1.4166853688494037,1.451619273353611,1.594280725773764,1.6841022896744107,1.7428661741727371,1.8889054975101807,1.9976133020790647,2.0951436813119972,2.186334023762227,2.2725962898618173,2.354448022827216,2.4321259979269265,2.5057774610777432,2.575527293014126,2.870493233705807,3.0899421256396145,3.3751951432710365,3.5409678963540596,3.6449894339344437
2010-09-10,1.6650782388531986,1.677562297101853,1.6898636615301617,1.7257327647608607,1.7601687693194985,1.7933116161540381,1.9152580116245668,2.0243863305082157,2.12451021782754,2.21793322163197,2.306000809539061,2.389468068397985,2.4687408103360426,2.5440305052610235,2.6154511880431532,2.9172301457191554,3.1373871973735734,3.409776858517268,3.559188163680843,3.650341063915879
2010-10-11,1.5821201146339643,1.6284957559427542,1.6678360060132649,1.7548917033930749,1.8121136630738022,1.8531325194194688,1.966496255044976,2.0709317044582765,2.176800416622425,2.279887946196613,2.3777146660638384,2.4693880102522234,2.5547728033699597,2.6340649405154144,2.7075994401446795,3.0024292005497695,3.2069918640352904,3.4588950277577726,3.6005183115400694,3.68846835891782
2010-11-11,1.7452573754051945,1.7657235996310472,1.7863636452497236,1.8490492351063106,1.9123682135789695,1.9757562949464809,2.2219991963411716,2.4453833481742766,2.6399336803461138,2.8057550786769045,2.9456310474470566,3.063248228664157,3.1623217649828788,3.2462079009558673,3.317770869205853,3.5590862838424897,3.7023149434474054,3.880307553052608,3.9923867734012926,4.068865030470886
2010-12-10,2.613000272117551,2.6257045856460675,2.6382618616089393,2.6750705316612504,2.7106234551643213,2.7449691206990923,2.871183898949574,2.9814967277427655,3.078212218641112,3.1632933085116806,3.2384117288359895,3.304991074562006,3.364243550856166,3.4172013197187,3.4647432346349194,3.643850264780856,3.76305699828646,3.9192653120824152,4.0226465340422,4.096645791069424
2011-01-11,2.0248448926028817,2.284278125319813,2.447202906636253,2.6411637211645846,2.7206858562033513,2.770940747294832,2.8958608965621275,2.9859775999968674,3.0634184793385315,3.1329562263506174,3.1964395020426672,3.2548574377652275,3.3088580563496146,3.358922897927006,3.4054383290642694,3.5948011346119606,3.7308606219418143,3.9064240632705065,4.009936166199503,4.075966697021077
2011-02-11,2.460369184746005,2.6487704278916957,2.761402598864127,2.8992527672135657,2.9614400054493144,3.0041364854203536,3.1223049464701744,3.2137184698914796,3.2933443520689116,3.364708930823954,3.4293737277268646,3.4882956712577724,3.5421720892265136,3.591559521726237,3.636924232103015,3.815865893234119,3.9381678212912057,4.087579058444019,4.171328845281513,4.223358231135643
2011-03-11,2.065407398377953,2.0501642949002,2.1486679730157308,2.397670559760955,2.525548331649224,2.6050955593386003,2.7919684366536615,2.918437113152643,3.0229324690422135,3.113922365227812,3.1947883221244626,3.267390771293159,3.3329687462604327,3.3924461789414524,3.4465593671894674,3.655201149090464,3.7932397658789396,3.9565577071793836,4.045643429516515,4.100296898914865
2011-04-11,1.8335414478454553,2.0610819446180733,2.2429567116401303,2.4798403330497534,2.57962203005491,2.6434052115502147,2.803656589789688,2.9188418573291113,3.0164397342846967,3.1026356704101894,3.179987870183533,3.2499601664199704,3.313562158327408,3.3715679035073043,3.424607524561709,3.631602502670926,3.770983992028016,3.9388359759673968,4.031807352081537,4.0892542146667425
2011-05-11,2.228759263759084,2.25665791848718,2.3479089538637474,2.530836438484541,2.6187656013414813,2.6751510677599226,2.816828284942242,2.9192812294635346,3.0068302678785743,3.084840401523976,3.155466209586625,3.219906513687467,3.27897216703433,3.333278534472985,3.3833250258936407,3.5826536883207756,3.7210678795548087,3.893083440035645,3.9909656861856955,4.052211177390545
2011-06-10,2.9379974689640935,2.9442906029534712,2.9505591902577777,2.9692152364307143,2.9876420566682906,3.0058343737061053,3.076179616020551,3.1425339969653705,3.2048551889082217,3.2632008817909326,3.31769844115097,3.368521736810741,3.415873608480393,3.4599727460155703,3.501044012214169,3.6685584139186,3.789883722412428,3.9549203748987716,4.0664100506518315,4.149519253259057
2011-07-11,2.65317462141476,2.8294474124125117,2.9423486141049295,3.107354260024271,3.1766707261636316,3.216261293903056,3.297758435267174,3.3477418641429595,3.3891580783913677,3.4266132139108305,3.461655985611788,3.494961256455143,3.5268759362959248,3.557600953875109,3.587264050633467,3.72205657809936,3.8377087630376696,4.022113602219842,4.155857319108582,4.249930841595784
2011-08-11,2.0982401787941938,2.42222643780898,2.650790051537177,3.0204083987720325,3.1823320312152994,3.270095167778376,3.4210076545183,3.4905356888663124,3.5391519357660486,3.5789724000363043,3.614046055552424,3.6461167852980045,3.6760638715744642,3.704382163456174,3.7313741473360453,3.851628526864893,3.9534945070738554,4.1159678195386,4.235138789471534,4.320581443108152
2011-09-09,2.2607182822838157,2.7075194222796455,2.978601828810908,3.3482651397126606,3.4899766757206083,3.5641630479836452,3.6888257299023306,3.7441593163912272,3.781744547697877,3.811907851072796,3.8380994223089666,3.8618046366119994,3.8837719052928428,3.9044219647804095,3.9240115952562755,4.010440272604162,4.082795583306103,4.196669678844825,4.278693136728627,4.336257575989845
2011-10-11,2.424040133064805,2.7154399732673586,2.895626242489072,3.1347961918666702,3.216189872870522,3.255994616553593,3.3305902157428946,3.37479747244736,3.411001558772255,3.4435461770359876,3.473890391580081,3.502669065716525,3.530207765797085,3.556694400493304,3.582247880812524,3.6982343164978975,3.797660823004782,3.956124050456876,4.071031742678473,4.151856612615104
2011-11-11,2.576935081839144,2.564392653184896,2.5545476877011803,2.5386009517312447,2.5384984538907625,2.5496191758330573,2.649104154067042,2.7684389581098947,2.8749430774355282,2.9638040728687636,3.037554083380088,3.0997649666667724,3.1534204671895316,3.200707205534688,3.2431617579607743,3.411319578630077,3.5381337954188323,3.7257917235909463,3.8563830134734802,3.946974349878195
2011-12-12,2.5121674225261614,2.518931074225391,2.5256594937948225,2.545635168159926,2.5653002307975497,2.584659469537012,2.6591317588175687,2.7290778121991948,2.7947748477844625,2.856485275165447,2.914457267829065,2.968925341093605,3.0201109306796106,3.068222967810138,3.1134584474270786,3.3026160710582815,3.4434840055867593,3.633490384582552,3.7560206748823193,3.847560510069541
2012-01-11,2.059655959725134,2.3550963472242494,2.490065806214805,2.619944968477825,2.6618672136074633,2.687846427279211,2.7558642955563104,2.8085485015767673,2.8562677406715125,2.901128000453892,2.9438585129541943,2.984794378816207,3.0241222442597984,3.0619622114563656,3.0984006184452664,3.2616064544827186,3.3969950970381495,3.5998678180380326,3.73210001281224,3.812205711320737
2012-02-10,1.4680589656484602,2.1485707154088503,2.445526325196259,2.702024062504692,2.7688792445165724,2.8052897140069972,2.886319953505923,2.9409206840170063,2.987876629007574,3.0309719927412058,3.071493218062964,3.1100123913590787,3.146833112997177,3.1821391374052466,3.216053843598298,3.3673492858976797,3.4924522514147642,3.679607051706876,3.801502679597867,3.875346438821664
2012-03-12,1.1424154484097981,1.9135532081366797,2.246670494457313,2.552456860551933,2.6445153902361045,2.695248781445354,2.8006665190132787,2.8660910033533504,2.920374701888316,2.969321131841186,3.014892284322368,3.0579517917948404,3.0989507410622665,3.138156295819161,3.1757431615823557,3.342883428227697,3.4807269363284665,3.68666495921026,3.8207066951236497,3.9019029567413304
2012-04-11,2.5902667809086823,2.631453544289674,2.6652094459962092,2.7338261437818128,2.771129718951708,2.7916475181804516,2.8249701004838723,2.8576821800056407,2.9003449285184626,2.947591340271684,2.995933931680454,3.0436741899454085,3.0900115831378656,3.134575677956474,3.177210538320191,3.3615689547795355,3.5042659294556984,3.702112383773579,3.826936839348142,3.909864222659094
2012-05-11,1.3553777772702076,1.923141711455991,2.1720987001052525,2.416022063267213,2.4978890515643304,2.5452119538748414,2.6501567183104147,2.720073704254099,2.7799146213645214,2.8347088270957523,2.886164484981474,2.9350399462646792,2.981736619683306,3.0264966157587385,3.069481822872695,3.2611602149953787,3.4195976160903117,3.656568221626115,3.810882322935243,3.9043511387755734
2012-06-11,1.8757748038300501,1.9118537873478416,1.942483896812625,2.010398815677179,2.0552341720541403,2.0875661496845557,2.178304377071558,2.2633561946033662,2.3506113728527,2.436591902982579,2.5191843761939903,2.597535368149817,2.6714045917624287,2.7408301016198693,2.8059760497888813,3.0756190005312622,3.272305648022422,3.5284695153040806,3.680452494103768,3.777682233039984
2012-07-11,1.6055390656704747,1.6728855280156303,1.767464279887285,1.9200343514393157,1.9881347413186476,2.0321118662013915,2.1468481661842915,2.2357735074134832,2.3166283720516585,2.392766629972223,2.4652065789031044,2.5343407877034423,2.600355196458805,2.663362790254818,2.723452691758429,2.983209093146758,3.1841329408256787,3.458481251980536,3.6259536244607946,3.733892864156167
2012-08-10,1.6433442585737192,1.9234193870540848,2.06360317059834,2.2239497731291333,2.285508580348005,2.3237143500606314,2.4188506582352556,2.489462720915268,2.5524751701409354,2.6113162759819435,2.6671640973111157,2.7205527739953816,2.771774127073732,2.821011548885903,2.868393579560391,3.0803850573696776,3.2560896788069993,3.519255163654811,3.6907479167557806,3.7946342275484044
2012-09-11,2.406794243890624,2.4217604455284025,2.436403215034737,2.4784694610766316,2.5179000015657005,2.554885671236517,2.6817568497569635,2.781714978221596,2.861950591848873,2.927815088768447,2.9832641990592426,3.0311990365114645,3.073727699312795,3.112365338194648,3.1481866571129107,3.3042737357066665,3.438705290571041,3.650801716798388,3.793899506691033,3.8891161422803515
2012-10-11,1.6795946728805309,2.0560777760346642,2.2603874367049057,2.5150369282710936,2.6124537619176937,2.6674887834856706,2.7806883870839054,2.8498911343726405,2.9069062373224,2.9581309215783524,3.0057261548165424,3.0506417350608017,3.0933725847130025,3.1342108674961144,3.1733468517647117,3.3472574790734546,3.4906048634538496,3.704704503790116,3.8440392309804094,3.9284406499705242
2012-11-12,2.056555107437096,2.4205060315822484,2.5781461021338954,2.7202668570441997,2.764188318057695,2.7913092177563033,2.8618665156356853,2.9162208234445415,2.965361235640725,3.011519165552728,3.055466400294124,3.0975568970814162,3.137987253812229,3.1768835511405844,3.2143361055052764,3.3820621036298544,3.5211857470520465,3.729644264162089,3.865514235132541,3.9478239700181073
2012-12-11,1.9282644559544115,2.314491550996953,2.499659036193335,2.6988074882352846,2.7688703231155354,2.8093269200438593,2.8986168168804003,2.9578203125111546,3.0083909500159156,3.054652126186333,3.098071689166348,3.139300858152388,3.178683973849082,3.216428432997414,3.252672677650946,3.4142669422018965,3.5478227634033423,3.7475742012715147,3.8776579452775826,3.956460153503362
2013-01-11,2.613640570153352,2.623302913626916,2.6328322802494557,2.6606485893246883,2.6873596666497557,2.71302943808743,2.8064394980046745,2.887363840382522,2.9583470929817506,3.021358076364745,3.0779216621132317,3.12922059357393,3.1761740678858015,3.219498346963626,3.2597534775567287,3.4275612972966103,3.557561524450867,3.746816687121155,3.873949206348899,3.961849024588395
2013-02-08,2.607573492233483,2.617044925985682,2.626383634010381,2.653630149891687,2.679776031020694,2.704886758229928,2.796147772964351,2.8751080815594086,2.9443510819891268,3.0058638937402393,3.0611753138233295,3.111462187115221,3.1576313577056165,3.2003827520765564,3.240257891851923,3.408389816540878,3.5409172283929107,3.736862777387398,3.8698341519891613,3.9621413964757033
2013-03-11,2.618310538861327,2.6305736359264675,2.642571075937393,2.6770445366558437,2.7093883859011347,2.739780213922104,2.8448766198095976,2.929510294325384,2.999588579087836,3.059234193695805,3.111318405832071,3.157836945741608,3.2001746304911722,3.2392913086369695,3.275852245259466,3.4324326633014968,3.558493813444091,3.745267179093061,3.8704000756177264,3.956287601050802
2013-04-11,2.3889683784735074,2.402265790221588,2.4153386497895557,2.453257294402959,2.489321282483968,2.5236465557219603,2.6456302146743127,2.7473311968529286,2.833307878657273,2.9070560857226755,2.971254465429493,3.0279538316081407,3.0787231710297585,3.1247621431424926,3.1669876876604954,3.340433105012447,3.4761292191557382,3.68083336224225,3.822717854410383,3.9212404270033048
2013-05-10,2.5965690743331997,2.6100500199670904,2.6230223494014435,2.6591158121631198,2.6914122232156252,2.7204152403871196,2.811483480802864,2.8764172818731435,2.9270369844433564,2.969991169509664,3.008927764696792,3.0457741420483995,3.08148736634967,3.1164904374390616,3.1509232447842197,3.313081047224388,3.452950492101239,3.6624224796930562,3.8002220584725745,3.8926426157441885
2013-06-09,6.248547984088865,4.957899241328825,4.320770462988804,3.6407081956840974,3.431328175669916,3.332554102854018,3.2047748916398526,3.1829141655409887,3.1869043119423694,3.20074953101447,3.2191300045596,3.2397759194785505,3.2615609796423284,3.28386691503705,3.3063292899795873,3.4153254716619057,3.5136607227682695,3.674453028952742,3.7925866299892483,3.87602798460051
2013-07-11,3.4875587939329966,3.4999543926255017,3.507629128708305,3.51122853941476,3.498451601345252,3.479277085767011,3.4092898562180487,3.377209473121516,3.369902727706337,3.3750513443356653,3.386552614618534,3.4014637503813767,3.418269234564955,3.4361261230359386,3.4545333767200486,3.5468961310271148,3.632207367465535,3.7732689259111227,3.8774848485598796,3.9512267557761356
2013-08-12,3.4155944990419074,3.4113584010057902,3.408200574304778,3.4042130868166383,3.4066997354052084,3.413827620698193,3.464977592768696,3.5224362706698313,3.571135348566854,3.609131300854894,3.638384468838555,3.661449842882509,3.6804651774164667,3.6969717766495176,3.7119964132261014,3.7800758723261043,3.8445494993633513,3.9534890162480028,4.030437158625633,4.082996735979999
2013-09-11,4.175222250218489,4.061473805365134,3.971159505430864,3.801467768914537,3.726945313168574,3.702436727717265,3.7523951815745016,3.818102801368699,3.8634435161588256,3.8961636791561043,3.9218295569777815,3.9432581981839347,3.9619164118742374,3.978628788639752,3.9938935412242236,4.056761970405464,4.106184569337805,4.181235901443811,4.23424653834741,4.271206934908803
2013-10-11,4.012368288855093,3.8768983388334086,3.776253329598474,3.609374131083674,3.551655147560165,3.5401463204259187,3.591173813738983,3.6425176269863764,3.6832268530227945,3.718495129495676,3.7506322260446403,3.780670645742662,3.8091364968449564,3.8363291695133244,3.8624344521121303,3.9799579949364072,4.08002676974705,4.238947102575155,4.353965477457541,4.434811579692058
2013-11-11,3.988863862006996,3.988668304906427,3.9897378330791082,3.9989735831979054,4.014588147623359,4.033969707446705,4.119661144139208,4.189681832338652,4.237507232218898,4.268583360918327,4.28914427370163,4.303781586085793,4.315427526162403,4.325817494428761,4.335916919340626,4.391915140773238,4.45494264936199,4.569379603860387,4.652593369273545,4.70991357620353
2013-12-11,4.631499023576733,4.580352977102706,4.534560760117604,4.424698224462314,4.3479903687675145,4.29608034719171,4.2300046343439135,4.256240376324045,4.30073928767949,4.342849390430206,4.378673783781404,4.408909360027199,4.4350650651779535,4.458444323922359,4.479978126395944,4.575047455557393,4.66033218222372,4.804469527449808,4.911986688055755,4.989706487738181
2014-01-10,5.44449581526321,5.066207982945665,4.797524558316637,4.379504503960072,4.239375996645688,4.199394210961759,4.22185336790905,4.25970852324731,4.291677476792162,4.320589262434904,4.347632317141139,4.373330490550248,4.397953152971801,4.421656282381878,4.444539006271304,4.548511964687738,4.637714822262815,4.779941771680373,4.883093168436452,4.955648075981949
2014-02-11,3.3846608194074568,3.3901275138965503,3.395886986884967,3.4147036399209982,3.4354173906171073,3.457570495636997,3.5537772069115343,3.6516311973259956,3.7437008829580116,3.827240156196154,3.901808424163615,3.9680052627122375,4.026818380770243,4.079303854568306,4.126442492505594,4.307211839362404,4.434624984740574,4.612461988377662,4.7317190722160385,4.813376985479347
2014-03-11,3.0728527466186906,3.076391933799555,3.0805893510623177,3.096697346265944,3.1172592928824696,3.14135300031062,3.259100770368535,3.388876458589662,3.5141875405699956,3.6281445003132085,3.728801857675605,3.8165893954372194,3.892933970775216,3.9595500723964916,4.018098897014534,4.233037203459236,4.3804043153655154,4.587447220836298,4.725892278381497,4.820957488665809
2014-04-11,2.9891841397974686,3.0138899311768936,3.038054867353297,3.1074214821444532,3.1723336564159452,3.233084655720808,3.4398162272126616,3.5995920276411404,3.724444286806154,3.823513793019592,3.903628863251981,3.9698266997961094,4.025787495058132,4.074179633238986,4.116926125193683,4.282576294011519,4.407540219136809,4.590853382131677,4.7118428327412865,4.792774772632742
2014-05-12,2.5605564294775682,2.6585977848828364,2.746110902993977,2.95762608414894,3.1120530918905,3.227254099815038,3.4832291539579154,3.6035585787148556,3.678151902146664,3.733063347487475,3.7777100861802704,3.816199130152637,3.850596383010902,3.882056389220047,3.9112776018652387,4.035464383737503,4.13603668585326,4.291431887302183,4.402254289114916,4.47977358923426
2014-06-11,2.948837146317463,2.932986457180826,2.9255828664467445,2.938473274781499,2.9814426962668845,3.036586760159003,3.24801351262627,3.38964541331933,3.4828880206622466,3.5503234158032573,3.603512067647417,3.6481302884421516,3.6871392371861824,3.7222079286597745,3.754345608277591,3.887791355978932,3.993978285072309,4.157826055674885,4.276247897120774,4.3611106698727555
2014-07-11,3.005769224654617,3.0325848358914835,3.058414403274123,3.130377433487372,3.1948072998688986,3.252579908868309,3.4312664612212234,3.5512973438793827,3.6353451174574984,3.6971937088562625,3.7452289501419793,3.7845575886799767,3.8182938662743084,3.848340816801418,3.87586482520822,3.993176154655021,4.091235896099707,4.2473622497687185,4.360664563101616,4.440379908460071
2014-08-11,3.4542046404917333,3.4417672591028103,3.4716160469199906,3.55737817441742,3.6038126676681306,3.6329323426889544,3.702446221040163,3.751728481425805,3.7946525606848596,3.8340624828756957,3.8709599180430456,3.9058171009876954,3.9389052376095215,3.97040412031835,4.0004460974309834,4.13197573450473,4.238201858643021,4.396247636673368,4.504979147020541,4.582160816540417
2014-09-11,3.2692795040241855,3.3398206475460723,3.398740940904615,3.5257474085494778,3.605559995382696,3.6590339040678614,3.768531939895649,3.8253220446169363,3.8673651467805046,3.903047379859939,3.935190631313973,3.9650138117894755,3.993134244471821,4.019901689384607,4.04553196167987,4.160415660465365,4.257884852666869,4.412383051879258,4.524089888866251,4.602583502601033
2014-10-11,3.6473109883937416,3.6358299479088125,3.6468582042445132,3.6852730361139368,3.706048992265033,3.717980186940898,3.7424027508696813,3.7588776914910245,3.7745508549543563,3.7906261013431513,3.807345189010564,3.8246963393907882,3.842588906326336,3.8609096697639704,3.879543829826865,3.9739945488435873,4.064380065453304,4.218024866891308,4.3332266484595445,4.417464976350174
2014-11-11,3.1231603033598536,3.1556449167784386,3.1758963402409566,3.196634319845586,3.1934582846550503,3.1857477551717404,3.172987396882139,3.1826528708230417,3.1999903788499022,3.2202465628621226,3.241737629062956,3.263713527241306,3.285781725667969,3.3077131350651228,3.3293638016834857,3.430965532462825,3.5192530521192267,3.657201961177298,3.754192815455981,3.822816082673111
2014-12-11,3.2666225603784893,3.26689705117792,3.267411671622599,3.270245058300852,3.274727303400586,3.280537934055471,3.312237603781325,3.3498330279564787,3.3876662430749525,3.423357649922428,3.456178955633326,3.486171461983937,3.513683857186939,3.5391420437899126,3.5629442466999035,3.6662627367422225,3.7534390649385014,3.889444768964784,3.982014393277133,4.0445593209101185
2015-01-12,3.55737262013732,3.5194035320657617,3.4853883453453207,3.4036634786044826,3.346430724776452,3.3075281448954468,3.256851133306161,3.2753643429418755,3.308612288111621,3.341303062924625,3.370393400894796,3.396198073721847,3.4196393255625557,3.441510889436473,3.462357943048235,3.558946185444075,3.646239767251277,3.7879046125064173,3.887780464397302,3.9570616232481286
2015-02-11,3.2032338149794146,3.1905053473458835,3.179088005178279,3.151590255467976,3.132265720109855,3.1190991180890943,3.1023526532523458,3.1106454400995815,3.125877361085434,3.1427170913622717,3.1598486722093724,3.177085006489672,3.1944742993992103,3.212058591501275,3.229831212484287,3.319374747167607,3.403870536378663,3.541568467037879,3.638185156095863,3.704960543405322
2015-03-11,3.561316974669647,3.5100547352845277,3.464321873669834,3.35522416455771,3.2794417205690274,3.2280130590496987,3.1552745258988657,3.162663822753988,3.182997947187931,3.2010479250914345,3.215712688391114,3.2287027227457914,3.241586310849809,3.2552895572120337,3.27020774210929,3.3603922142256186,3.457690603283974,3.6180017313500383,3.7242933134892606,3.793882198436838
2015-04-10,3.077247405264623,3.075744290382957,3.0684594038827706,3.062078822184776,3.0674963376604434,3.076352713343942,3.1193556937532856,3.163738772365532,3.206908184141264,3.248431024322798,3.288229626368836,3.3263239028751026,3.3627671650730733,3.3976249233818083,3.4309665703752312,3.5773047365289554,3.6952247492163752,3.8692595903939364,3.987567916517791,4.070663776637979
2015-05-11,2.289014785398809,2.3083687155517127,2.327242241021981,2.381104594172744,2.4310779049926663,2.477462263784725,2.6323856433575257,2.7488496542611927,2.837837161763969,2.907383528698199,2.9633218666916306,3.009847457487186,3.049944030928433,3.085704694751013,3.1185726830352514,3.2637140217822247,3.394342915165333,3.606615131761596,3.750493234926789,3.845783926847081
2015-06-11,1.8017704815664486,1.7663542491536808,1.737772768539983,1.686373772745605,1.6748822372785461,1.6915194892288947,1.894579249499809,2.1455886517600735,2.364385237496855,2.5401013840424627,2.679545004268459,2.7917261795231028,2.884021158699499,2.961769688328109,3.0286912858190376,3.26886413424138,3.427791908604831,3.63537433820773,3.761368544898299,3.837517848813617
2015-07-10,2.2642830509012906,2.2639368310660393,2.2643722010611986,2.269880174955388,2.2807688607563588,2.2960002140813662,2.384620949576439,2.492396305051765,2.6003165025454753,2.700044501851618,2.7887578739428323,2.8663211653013114,2.9337735514659586,2.9925492344566997,3.0440988912030966,3.232084990550022,3.359770991210275,3.537977363141905,3.656657812114451,3.738018621120406
2015-08-11,2.321000193175402,2.301036132370812,2.284084197141739,2.2490618663897455,2.2336889902596058,2.233532371895432,2.3231382133607488,2.4689831353187643,2.6147638165014166,2.7420184993087906,2.8476114054008055,2.933885031257186,3.004566344008347,3.063218084118723,3.112769337491045,3.2851005370724073,3.4012543291900443,3.565678963847689,3.675351470286309,3.7501461336662523
2015-09-11,2.145105459693555,2.144115046091712,2.145301990478473,2.159518725733994,2.1855672846995757,2.2192989931270297,2.3819371250170325,2.535478539821728,2.66007363929235,2.7580276623655458,2.8357335007493405,2.898868817412896,2.9515935622015124,2.996775105949947,3.0363608299402247,3.1852939718248363,3.291333536237952,3.442319657302433,3.544970126319325,3.6156002099613755
2015-10-10,2.270504801267525,2.2596203984574466,2.2522284293904162,2.246522745255228,2.2581897014959513,2.2803831697714574,2.4034294720349494,2.5177971079385975,2.607579660116815,2.678180847958157,2.7359150492418225,2.785106733853858,2.828433963358761,2.8675427697505915,2.9034706467377664,3.053009124675436,3.1717588389250957,3.3531687866778426,3.4817339376023657,3.571475040532814
2015-11-11,2.464384795896253,2.461812303728995,2.4601960649295305,2.460308899072078,2.4664489488001,2.4770958153284712,2.5438576370757024,2.6205860086425674,2.6904223284249027,2.749369854437446,2.7982357702638563,2.839192136596838,2.8744312530471134,2.905732479167307,2.934398781480516,3.060264660342962,3.172563365331808,3.3545088783697015,3.47982275488656,3.564490112031871
2015-12-11,2.3585846812483813,2.362016961212744,2.3656537733367635,2.377611733104028,2.390808856291843,2.4048824715476913,2.4648165154395407,2.5233413131844817,2.5762340166755338,2.6227945995005757,2.663763322481037,2.7003099837588325,2.7335814544132955,2.764530061294095,2.793875673520028,2.9290994445152614,3.0528873392722424,3.2559264049354937,3.397326282254193,3.493484676228258
2016-01-11,2.249586664562945,2.256731189628146,2.2637402627191245,2.2839864352179893,2.3031247133379393,2.321232626873213,2.384744196675438,2.43680184941045,2.480427364461816,2.517906898412582,2.5509545771297186,2.580841881903475,2.608499695705821,2.634598534984568,2.6596114085635767,2.776455387850349,2.884823488039881,3.067509443218469,3.19876629702211,3.2894148775862635
2016-02-14,2.199475268220849,2.2073154200765557,2.215009546343865,2.237248585430479,2.2582886717239323,2.278210345075484,2.3481544672868693,2.405460160022095,2.4533109857989905,2.4941384511648197,2.5297861891618822,2.561640224583118,2.590732074336918,2.617820124293259,2.6434536631649665,2.7598734333864123,2.865246562702792,3.0417981997551404,3.1691214430719654,3.257481547778709
2016-03-11,2.0497425161995593,2.0253703556803586,2.013132638377494,2.015428546340492,2.040275520263296,2.068823126348094,2.1620219078531244,2.2304702650523653,2.288723085900996,2.3413505193367223,2.3900166003974315,2.435509984021178,2.4782852538962907,2.5186445297717066,2.5568103904567203,2.720056079741604,2.84697667982555,3.026389971003347,3.1421373173846994,3.2198989481535865
2016-04-11,2.0261158528211825,2.039552200492084,2.051312593741915,2.079236916358779,2.100094505578275,2.1171219420485428,2.1730540025299705,2.226121201444219,2.2785433642707784,2.32929930193295,2.3778173227420565,2.4239054821807873,2.467551903286314,2.5088244782829774,2.5478257836138725,2.7128808071287076,2.8379787096035862,3.0087524592825834,3.1151628713304955,3.1853702843874263
2016-05-11,2.1519164299729616,2.1597956873153326,2.167553895073586,2.1901330641974477,2.211730220907023,2.2324185752900636,2.3073465704391634,2.3722101644595637,2.429499341614508,2.4809816028575082,2.5279149527361047,2.571198529765885,2.6114789984539306,2.649225586426873,2.6847829217591275,2.8369283701594217,2.9565709718484414,3.128004696020768,3.239334422216286,3.3140581222195826
2016-06-12,2.155366540478895,2.16318404802532,2.1709452419664923,2.1938952456187035,2.2163537807653446,2.238332069819355,2.3216583300305915,2.398133970221083,2.46836319414666,2.532896733278286,2.5922366063320186,2.646840451376104,2.697125469248625,2.7434720134812274,2.786226858711849,2.9562656598550365,3.073748597429041,3.221374800449641,3.3129643541340257,3.3815529810309912
2016-07-11,2.1209174356529923,2.122652372991505,2.1392831834617683,2.182172273378214,2.2087618149827812,2.228902973905601,2.29143880519082,2.3448056260759187,2.3940512697872958,2.4402929084813096,2.483986074705187,2.525392096218103,2.564695278261026,2.6020422315368283,2.63755782684328,2.7912121255021067,2.9123771290067935,3.0863230419543846,3.200616343845336,3.278612486321803
2016-08-11,2.059453969943995,2.0638645734576757,2.0682557071825936,2.081313184958209,2.094198641328124,2.1069144461873957,2.1561274651119353,2.202807707058848,2.2470925246692994,2.2891121547438975,2.3289900750537984,2.366843343575637,2.402782921008443,2.43691397738889,2.46933618358166,2.6089517895192635,2.7180830410705985,2.8738655693699426,2.9785129938655155,3.0557018997482963
2016-09-12,2.0276431046971726,2.0350369246356292,2.042359366148821,2.063906740212085,2.084841238508211,2.105184121884974,2.18103842825509,2.2489393781350357,2.3099223569699308,2.3648812387494127,2.414587816007561,2.459708574151797,2.5008191711718495,2.5384169349072967,2.5729316477730455,2.7106449022150745,2.8100945892843505,2.949502638648207,3.0462483309768507,3.1178822266914525
2016-10-11,1.9467641434847713,1.9573534723131156,1.9677000871683963,1.9973525149058433,2.025060233143421,2.0509862557288905,2.1396748116111075,2.2097566623726665,2.26667304074465,2.3142275577886844,2.355072563208275,2.3910528925763983,2.423448453250973,2.4531451233082264,2.480754907202569,2.598492309730795,2.6937947860317113,2.8367444437886693,2.9336620807907017,3.000582850718322
2016-11-11,2.0290955437305462,2.034300504655818,2.039496783319437,2.055027994147606,2.0704618533405346,2.0857854039807338,2.145758355190522,2.203214904106126,2.257791894695539,2.3092937097457495,2.3576486883559093,2.402875209360346,2.4450554455429576,2.484315189558657,2.520808471747527,2.6679083076993106,2.7714065101878353,2.9077676087912407,3.000865254416316,3.0749009910915532
2016-12-12,2.3963559895239293,2.391402500814049,2.405119243682012,2.4492974039391164,2.477974283600019,2.4989598098587784,2.56056845744716,2.6110786599832125,2.6568521224595685,2.699297363283669,2.738987377017922,2.776248827217479,2.8113099090680453,2.8443500967556723,2.875520421642789,3.007517269175804,3.108203677966964,3.2472220679770096,3.3349830802984433,3.393392437586234
2017-01-11,2.38524468640883,2.4481408669644233,2.50217585464516,2.574844848675924,2.6061513172889796,2.626671441000619,2.681850129238248,2.7261191922078396,2.767233534021937,2.8065372015235432,2.84435944180761,2.880775605201146,2.9157903028725443,2.9493933841244746,2.981578653176287,3.121716997216312,3.230543707122932,3.378584870081172,3.4681929108824865,3.5255743038852785
2017-02-10,2.410293187710671,2.443278735751995,2.4734481959963395,2.5494679219489993,2.6079948862934175,2.653394629205359,2.759305593760829,2.8142038771538194,2.8567725516128575,2.897825868371689,2.9394461028556234,2.9813311457347322,3.022765757164126,3.0631499252586294,3.10208362438565,3.2703079941553743,3.3968950718810857,3.5628959230755206,3.6607461133887536,3.7228158622635044
2017-03-10,2.5111993053675428,2.537746248273537,2.5619384491823625,2.6224394342097517,2.66843848845634,2.7036484535900565,2.7836880539945583,2.8253150034449264,2.8603028773774115,2.8968115775966257,2.9357590843871186,2.9762217279230128,3.017084590552652,3.0574602569388647,3.096733226773948,3.267525424366322,3.393887841844833,3.5519623219364744,3.639978084317959,3.6940829998953344
2017-04-11,2.7056066464194664,2.7322631402403963,2.756421808170931,2.8160744448153516,2.8603005941701896,2.89301914251211,2.9586394190191205,2.982465264297267,2.998747019359409,3.016729501691124,3.037867230065643,3.061527161698799,3.0867540499018293,3.1127387662919235,3.138888631965514,3.2617330781138407,3.3629000005104506,3.5051040390629846,3.5931219679266015,3.6500914271578346
2017-05-11,2.779642671855112,2.827234426305036,2.871588587871991,2.987460823113744,3.0815825983169,3.158249434640889,3.349269690228469,3.439266325381228,3.4855450284751215,3.5127197504727623,3.5316396772367304,3.5471544930981826,3.5614148498500744,3.575327625402336,3.589220780559531,3.657851786169014,3.7180637995016843,3.8026944493828445,3.852764945606201,3.884024678625502
2017-06-12,3.280776049798217,3.2602946108042348,3.3060486104391758,3.4233673492779384,3.473932182512845,3.4976590182491254,3.5256201332225934,3.531357105789136,3.535116652107115,3.5401132378327795,3.5468806971250517,3.555294960798238,3.565060142904729,3.5758565318254263,3.5873896287524376,3.6486040448071444,3.7050186278770116,3.7886080739364174,3.8408208808448028,3.8743272009883207
2017-07-11,2.9756891751562486,3.0268079049066636,3.07203686378302,3.178790657519096,3.2527745706099624,3.3041477568800572,3.396056823376577,3.424488066089441,3.441295809152224,3.457113279210223,3.473550199276109,3.4904844247547957,3.5076004566223933,3.524655089127446,3.5414888332691867,3.619894119696789,3.6869501836556546,3.788953903309624,3.8559040082423266,3.896471145916469
2017-08-11,2.1177377839232427,2.330704766415259,2.4950846621366605,2.8044870912167967,2.9663494551734186,3.061299542131026,3.2278467498558405,3.3020206668285823,3.3521383773687097,3.392100786963297,3.426558695620915,3.457519064853595,3.485997016161484,3.5125665092426455,3.5375806228915425,3.6454696756378278,3.732196439732809,3.86005285467295,3.9427482453673752,3.992830055353717
2017-09-11,2.792055165862805,2.863266979896531,2.926619377319881,3.077700015508141,3.184045555474893,3.258968222511045,3.39594554850845,3.43776626406982,3.4605823269648974,3.481374938899374,3.5031021846367034,3.525742618105944,3.5488412637184537,3.5720136534497136,3.594996891871705,3.702857846224459,3.7956337147854966,3.937149116174882,4.030148682932095,4.086501880895323
2017-10-11,3.3158342309292204,3.2369907148661894,3.212153936614648,3.2496526990542787,3.3089136498327103,3.3524151959533532,3.432519313480149,3.467523003755789,3.4924471838654716,3.514265065473929,3.5350400350372566,3.5554768077734398,3.575803234212649,3.596059238264205,3.6162086024474895,3.713045845559828,3.798825900121628,3.9308991399200903,4.019528715227495,4.07938296755517
2017-11-10,2.555953406878332,2.885814635978433,3.0741455128962065,3.318696194710261,3.411638434355007,3.461733727497957,3.5535118999390334,3.601165332262482,3.6371432952880904,3.6679549237962963,3.6957854059937034,3.721584077790234,3.7458364582594488,3.7688216050480476,3.7907150654958577,3.8870306511838018,3.9657654397779316,4.082869115535855,4.158935560196137,4.205017732400804
2017-12-11,2.465170677678841,3.0193625673846793,3.3446374097299496,3.705620578826581,3.7679442205806426,3.7734034818089635,3.7678128227564156,3.776080663818662,3.7888382399707763,3.8031152885276875,3.8179248028376143,3.8328496365605034,3.8476862139213637,3.862325761014477,3.8767068009577588,3.943898648550837,4.002821879613766,4.09780106244753,4.167042825419172,4.215795187326736
2018-01-11,3.191737180077904,3.1616153626355623,3.2060814487175566,3.341568587853202,3.411508598768272,3.4513226426025914,3.5293705868272762,3.5743469995062287,3.6105414173780344,3.6427496017261793,3.6725349007683814,3.7005490673219685,3.727110351387277,3.7523946353374935,3.7765107217701765,3.881720794595606,3.965138159513094,4.0834012436307985,4.158664239173278,4.208459757900629
2018-02-11,2.4348649334492474,2.654851027075517,2.8146360685291256,3.061554564024935,3.163947367713041,3.220123495107765,3.3256745499243063,3.3826106631542543,3.426535671070165,3.464597304194813,3.4991995773784264,3.531390524070557,3.5617091477959733,3.590467754738171,3.6178649002251184,3.738161127753936,3.8358673589290904,3.9792340381940443,4.070029046185954,4.122883786137883
2018-03-12,3.099089050402749,3.1079451349731624,3.1166507336954195,3.1418970147396985,3.1659026038155895,3.188746641535801,3.269916802182724,3.3376245773191346,3.39494715394384,3.444227043625844,3.487244433063161,3.5253500576730374,3.5595674350537534,3.5906713651648547,3.619248082449175,3.736506965582083,3.8266613945034598,3.9564288312189264,4.0406242419249985,4.09658691337647
2018-04-11,2.679362187934271,2.6403893534172376,2.6542626910720712,2.790467913866437,2.919186807876109,3.010031974845541,3.1823117000094463,3.259320104998847,3.310865487061101,3.351689948510072,3.3867268841323743,3.4181043801066338,3.446898125230229,3.473715731970324,3.4989304745169996,3.6074404239249893,3.6944971962510893,3.8227099918326166,3.9055977853627977,3.955798054588924
2018-05-11,2.5746260602412705,2.555028292288854,2.5864595923374574,2.6897582592925136,2.7511648875502863,2.791765404909285,2.89503642341826,2.9709560910374364,3.036789997647495,3.096261136209663,3.150811525032002,3.201213743406298,3.247975403187326,3.291475240206313,3.332018575415367,3.498385877655084,3.6193107419982384,3.777167524549704,3.871148127121976,3.931354318017677
2018-06-11,3.081246393396597,3.022925105691808,2.991876940449352,2.98300920611366,3.0193123204498793,3.06061237590217,3.1727936682244002,3.2345618468430515,3.2794274060263584,3.3168870025215202,3.3501923607512074,3.3807528031980363,3.409285148552589,3.436198058893625,3.4617458082270587,3.573559186909992,3.6646767427159626,3.8003140577923973,3.888855744985868,3.9429948195687787
2018-07-11,2.2265799993281914,2.2209696410599498,2.2634343098942886,2.4613002877742325,2.626685499612096,2.7400899932789713,2.950564520392835,3.0418063908070185,3.101384819587657,3.1477317744850826,3.187011902975997,3.2218815539738914,3.2536810445047903,3.2831654344318615,3.310796846130897,3.429106621178311,3.5237426196228943,3.6633167360031056,3.754112498360988,3.8097274243564416
2018-08-10,1.8858241672627725,1.8698731645368059,1.8915532667035124,2.050748464228535,2.2281827595287615,2.374930303691953,2.696210614406671,2.8386410088537324,2.9270552472354603,2.9929658947973308,3.047050091917616,3.0939055864074994,3.1358473095055857,3.1741750758164082,3.209680717059849,3.358333901931906,3.4743692925357585,3.6416636793989685,3.747434405537742,3.8099022310764465
2018-09-11,2.248265458430773,2.1871524037440295,2.1695641262295533,2.2501748756936677,2.394458324019175,2.5326500644761385,2.87460419248817,3.0329396992016826,3.129172791439395,3.1993268996189244,3.2558888320311077,3.304242228775025,3.3470939387061,3.3859603081533365,3.421762045148887,3.5703181852790724,3.685667930330541,3.852552263086272,3.959514955811198,4.0242817149099865
2018-10-11,2.0551613766140475,1.8981961087518575,1.8719996233201488,2.0623765907403993,2.287841982593397,2.453325401365261,2.765414705885036,2.897361362694413,2.9811882472118403,3.045030537692682,3.0982960028836874,3.145035406014897,3.1872900680100744,3.2262077532487137,3.2624890370797064,3.4163155332822934,3.538123923296434,3.7162616763583793,3.831036203668641,3.90054085318349
2018-11-12,1.9450347104219947,2.000569091154861,2.052374192862584,2.1882672353462405,2.299909510224904,2.392508912454024,2.6402947763744953,2.7827445313546892,2.877826801239043,2.9491189679165863,3.0070713486050864,3.0567482856532924,3.100825050975832,3.1408301676422963,3.17769880427661,3.3308114170092997,3.449790880998135,3.621997973308914,3.732391580778481,3.7992322827040033
2018-12-11,2.478435795745728,2.46976782333628,2.4630006364669157,2.4522607937878758,2.452651317722623,2.460912199710415,2.5325329123362206,2.618449271586345,2.6960852010131955,2.762082705048564,2.8180608287940183,2.8663294053214803,2.908808883427652,2.9469002384947665,2.9815856811478474,3.122130287988114,3.2289816842080508,3.382611532575226,3.481854058094442,3.543284804608014
2019-01-11,2.2036769540441554,2.2169533103723027,2.2299116836702972,2.2669703043143863,2.3014851874090505,2.333672579324794,2.442861212611669,2.5279283076759858,2.5960689608821923,2.6522997929011676,2.7001069697477984,2.7419041349490474,2.7793555078515677,2.813603437282705,2.845428328449868,2.98181201748761,3.0933900655496656,3.2609638016836,3.371688087410707,3.444054052254685
2019-02-11,2.144862558366036,2.155410960125518,2.165808467156202,2.196121652761857,2.225168614495161,2.2530142879345227,2.353568948302839,2.439293740035668,2.5129920732098574,2.5769274268340543,2.6329256789999875,2.682458292767058,2.7267099094205536,2.7666332454550395,2.8029936547953103,2.949048325748377,3.060640262167394,3.2299983427278547,3.34821685960654,3.4255356276136695
2019-03-11,1.8327220282880532,1.8606557961064654,1.8898459758514117,1.9796791487695535,2.0661092570347726,2.144819646843088,2.374728932045237,2.5106815161900773,2.600715832195886,2.6680997069788734,2.7230698244196145,2.770419764502928,2.812619056602637,2.851060732652716,2.8865928563276047,3.0349524214637493,3.1508141796814924,3.318973912855858,3.4269198807580485,3.4922817908982635
2019-04-04,1.9644007801793975,1.9876214616400343,2.0102948097732773,2.0751718305123408,2.135615090749853,2.19196242633485,2.382282033180126,2.5281200867146287,2.6414922599747985,2.731123591573494,2.803347405774754,2.862758842735488,2.9126901175224438,2.9555562070124575,2.9931063179674764,3.135050856048455,3.2387026616463,3.388055787810306,3.4859271734780544,3.551271167311295
